name,handedness,Height Groups,height,weight groups,weight,batting average,home run
Ramon Manon,Right,70-74,72,140 -159,150,0.000,0
Ramon Pena,Right,70-74,70,140 -159,155,0.000,0
Francisco Barrios,Right,70-74,71,140 -159,155,0.000,0
Bill Wilkinson,Right,70-74,70,160 - 179,160,0.000,0
Narciso Elvira,Left,70-74,70,160 - 179,160,0.000,0
Rafael Vasquez,Right,70-74,72,160 - 179,160,0.000,0
Tony Ferreira,Left,70-74,73,160 - 179,160,0.000,0
Win Remmerswaal,Right,70-74,74,160 - 179,160,0.000,0
Angel Moreno,Left,65-69,69,160 - 179,165,0.000,0
Brian Dubois,Left,70-74,70,160 - 179,165,0.000,0
Jim Wright,Right,70-74,73,160 - 179,165,0.000,0
Israel Sanchez,Left,65-69,69,160 - 179,170,0.000,0
Todd Fischer,Right,70-74,70,160 - 179,170,0.000,0
Tony Arnold,Right,70-74,71,160 - 179,170,0.000,0
Bill Castro,Right,70-74,71,160 - 179,170,0.000,0
Paul Wilmet,Right,70-74,71,160 - 179,170,0.000,0
De Wayne Buice,Right,70-74,72,160 - 179,170,0.000,0
Tom Brown,Right,70-74,73,160 - 179,170,0.000,0
Luis Sanchez,Right,70-74,74,160 - 179,170,0.000,0
Charlie Mitchell,Right,75-79,75,160 - 179,170,0.000,0
Ike Brookens,Right,75-79,77,160 - 179,170,0.000,0
Oswaldo Peraza,Right,75-79,76,160 - 179,172,0.000,0
Barry Raziano,Both,70-74,70,160 - 179,175,0.000,0
Len Whitehouse,Left,70-74,71,160 - 179,175,0.000,0
Lafayette Currence,Both,70-74,71,160 - 179,175,0.000,0
Craig Eaton,Right,70-74,71,160 - 179,175,0.000,0
Jim Campbell,Left,70-74,71,160 - 179,175,0.000,0
Jose Roman,Right,70-74,72,160 - 179,175,0.000,0
Pat Underwood,Left,70-74,72,160 - 179,175,0.000,0
Roy Branch,Right,70-74,72,160 - 179,175,0.000,0
Bob Veselic,Right,70-74,72,160 - 179,175,0.000,0
Bill Mooneyham,Right,70-74,72,160 - 179,175,0.000,0
Bill Paschall,Right,70-74,72,160 - 179,175,0.000,0
John Bohnet,Both,70-74,72,160 - 179,175,0.000,0
John Flinn,Right,70-74,72,160 - 179,175,0.000,0
Jerry Kutzler,Left,70-74,73,160 - 179,175,0.000,0
Brian Allard,Right,70-74,73,160 - 179,175,0.000,0
Mike Warren,Right,70-74,73,160 - 179,175,0.000,0
Clint Zavaras,Right,70-74,73,160 - 179,175,0.000,0
Byron McLaughlin,Right,70-74,73,160 - 179,175,0.000,0
Jeff Sellers,Right,70-74,73,160 - 179,175,0.000,0
Don Gordon,Right,70-74,73,160 - 179,175,0.000,0
John Pawlowski,Right,70-74,74,160 - 179,175,0.000,0
Jack Hardy,Right,70-74,74,160 - 179,175,0.000,0
Luis Quintana,Left,70-74,74,160 - 179,175,0.000,0
Curt Kaufman,Right,70-74,74,160 - 179,175,0.000,0
Danny Fife,Right,75-79,75,160 - 179,175,0.000,0
Juan Nieves,Left,75-79,75,160 - 179,175,0.000,0
Eric Hetzel,Right,75-79,75,160 - 179,175,0.000,0
Dave Rajsich,Left,75-79,77,160 - 179,175,0.000,0
Tony Mack,Right,70-74,70,160 - 179,177,0.000,0
Tony Chevez,Right,70-74,71,160 - 179,177,0.000,0
Luis Encarnacion,Right,70-74,70,160 - 179,178,0.000,0
Bruce Taylor,Right,70-74,72,160 - 179,178,0.000,0
Allan Ramirez,Right,70-74,70,180-199,180,0.000,0
Leon Hooten,Right,70-74,71,180-199,180,0.000,0
Jose Cecena,Right,70-74,71,180-199,180,0.000,0
Carlos Velazquez,Right,70-74,71,180-199,180,0.000,0
Glen Cook,Right,70-74,71,180-199,180,0.000,0
De Wayne Vaughn,Right,70-74,71,180-199,180,0.000,0
Dewey Robinson,Right,70-74,72,180-199,180,0.000,0
Mark Souza,Left,70-74,72,180-199,180,0.000,0
Mark Ciardi,Right,70-74,72,180-199,180,0.000,0
Dennis Burtt,Right,70-74,72,180-199,180,0.000,0
Bruce Ellingsen,Left,70-74,72,180-199,180,0.000,0
Tom McCarthy,Right,70-74,72,180-199,180,0.000,0
Mike Trujillo,Right,70-74,73,180-199,180,0.000,0
Terry Taylor,Right,70-74,73,180-199,180,0.000,0
Terry Felton,Right,70-74,73,180-199,180,0.000,0
Ray Chadwick,Both,70-74,74,180-199,180,0.000,0
Fernando Arroyo,Right,70-74,74,180-199,180,0.000,0
Keith Creel,Right,70-74,74,180-199,180,0.000,0
Mike Bacsik,Right,70-74,74,180-199,180,0.000,0
Phil Huffman,Right,70-74,74,180-199,180,0.000,0
Larry Rothschild,Left,70-74,74,180-199,180,0.000,0
Zach Crouch,Left,75-79,75,180-199,180,0.000,0
Mike Smith,Right,75-79,75,180-199,180,0.000,0
Craig Mitchell,Right,75-79,75,180-199,180,0.000,0
John Caneira,Right,75-79,75,180-199,180,0.000,0
Jeff Bettendorf,Right,75-79,75,180-199,180,0.000,0
Greg Thayer,Right,70-74,71,180-199,182,0.000,0
Jay Pettibone,Right,75-79,76,180-199,182,0.000,0
Jerry Augustine,Left,70-74,72,180-199,183,0.000,0
Dave Johnson,Right,70-74,73,180-199,183,0.000,0
Tom Makowski,Right,70-74,71,180-199,185,0.000,0
Joe Pactwa,Left,70-74,71,180-199,185,0.000,0
Gary Ignasiak,Right,70-74,71,180-199,185,0.000,0
Chico Escarrega,Right,70-74,71,180-199,185,0.000,0
Frank Eufemia,Right,70-74,71,180-199,185,0.000,0
Joel McKeon,Left,70-74,72,180-199,185,0.000,0
Luis Aponte,Right,70-74,72,180-199,185,0.000,0
Bob Davidson,Right,70-74,72,180-199,185,0.000,0
Rich Wortham,Right,70-74,72,180-199,185,0.000,0
John LaRose,Left,70-74,73,180-199,185,0.000,0
Gil Patterson,Right,70-74,73,180-199,185,0.000,0
Randy Scarbery,Both,70-74,73,180-199,185,0.000,0
Tom Gilles,Right,70-74,73,180-199,185,0.000,0
Randy Wiles,Left,70-74,73,180-199,185,0.000,0
Dave Stapleton,Left,70-74,73,180-199,185,0.000,0
Mike Kinnunen,Left,70-74,73,180-199,185,0.000,0
Don Cooper,Right,70-74,73,180-199,185,0.000,0
Steve Eddy,Right,70-74,74,180-199,185,0.000,0
Ron Musselman,Right,70-74,74,180-199,185,0.000,0
Rick Kreuger,Right,70-74,74,180-199,185,0.000,0
Jeff Twitty,Left,70-74,74,180-199,185,0.000,0
Stan Thomas,Right,70-74,74,180-199,185,0.000,0
Alex Sanchez,Right,70-74,74,180-199,185,0.000,0
Colby Ward,Right,70-74,74,180-199,185,0.000,0
Shawn Holman,Right,70-74,74,180-199,185,0.000,0
Jeff Barkley,Both,75-79,75,180-199,185,0.000,0
Gary Mielke,Right,75-79,75,180-199,185,0.000,0
Rob Woodward,Right,75-79,75,180-199,185,0.000,0
Alfredo Martinez,Right,75-79,75,180-199,185,0.000,0
Brian Snyder,Left,75-79,75,180-199,185,0.000,0
Jeff Richardson,Right,75-79,75,180-199,185,0.000,0
John Butcher,Right,75-79,76,180-199,185,0.000,0
Daryl Smith,Right,75-79,76,180-199,185,0.000,0
Rich Barnes,Right,75-79,76,180-199,186,0.000,0
Rich Yett,Right,70-74,74,180-199,187,0.000,0
Chuck Porter,Right,75-79,75,180-199,187,0.000,0
Bobby Cuellar,Right,70-74,71,180-199,188,0.000,0
Mike Paxton,Right,70-74,71,180-199,190,0.000,0
Kevin Stanfield,Left,70-74,72,180-199,190,0.000,0
Mel Stottlemyre,Right,70-74,72,180-199,190,0.000,0
Eric Wilkins,Right,70-74,73,180-199,190,0.000,0
Bruce Robbins,Left,70-74,73,180-199,190,0.000,0
Bert Bradley,Both,70-74,73,180-199,190,0.000,0
Greg Erardi,Right,70-74,73,180-199,190,0.000,0
Mark Esser,Right,70-74,73,180-199,190,0.000,0
Dave Smith,Right,70-74,73,180-199,190,0.000,0
Craig Chamberlain,Right,70-74,73,180-199,190,0.000,0
Mark Brown,Both,70-74,74,180-199,190,0.000,0
Tom Klawitter,Right,70-74,74,180-199,190,0.000,0
Mike Overy,Right,70-74,74,180-199,190,0.000,0
Rickey Keeton,Right,70-74,74,180-199,190,0.000,0
Dennis DeBarr,Left,70-74,74,180-199,190,0.000,0
Rick Lysander,Right,70-74,74,180-199,190,0.000,0
John Hoover,Right,70-74,74,180-199,190,0.000,0
Tom Dozier,Right,70-74,74,180-199,190,0.000,0
Joe Skalski,Right,75-79,75,180-199,190,0.000,0
Roger Weaver,Right,75-79,75,180-199,190,0.000,0
Jim Gideon,Right,75-79,75,180-199,190,0.000,0
Larry Anderson,Right,75-79,75,180-199,190,0.000,0
John Hobbs,Right,75-79,75,180-199,190,0.000,0
Roger Slagle,Right,75-79,75,180-199,190,0.000,0
Fred Howard,Right,75-79,75,180-199,190,0.000,0
Jim Lewis,Right,75-79,75,180-199,190,0.000,0
Albert Williams,Right,75-79,76,180-199,190,0.000,0
Dave Ford,Right,75-79,76,180-199,190,0.000,0
T.R. Bryden,Right,75-79,76,180-199,190,0.000,0
Mike Darr,Right,75-79,76,180-199,190,0.000,0
Karl Best,Right,75-79,76,180-199,190,0.000,0
Keith Macwhorter,Right,75-79,76,180-199,190,0.000,0
Alan Wirth,Right,75-79,76,180-199,190,0.000,0
Rick Jones,Left,75-79,77,180-199,190,0.000,0
Jim Dorsey,Right,75-79,79,180-199,190,0.000,0
Ed Hodge,Left,70-74,74,180-199,192,0.000,0
Bryan Oelkers,Left,75-79,75,180-199,192,0.000,0
Les Straker,Right,70-74,73,180-199,193,0.000,0
Nardi Contreras,Both,70-74,74,180-199,193,0.000,0
Ralph Botting,Left,70-74,72,180-199,195,0.000,0
Howard Bailey,Right,70-74,72,180-199,195,0.000,0
Jerry Ujdur,Right,70-74,73,180-199,195,0.000,0
Paul Mitchell,Right,70-74,73,180-199,195,0.000,0
Chuck Hockenbery,Both,70-74,73,180-199,195,0.000,0
Jim Farr,Right,70-74,73,180-199,195,0.000,0
Steve Davis,Left,70-74,73,180-199,195,0.000,0
Sandy Wihtol,Right,70-74,73,180-199,195,0.000,0
Ozzie Osborn,Right,70-74,74,180-199,195,0.000,0
Kevin Bearse,Left,70-74,74,180-199,195,0.000,0
Reggie Ritter,Left,70-74,74,180-199,195,0.000,0
Jeff Peterek,Right,70-74,74,180-199,195,0.000,0
Pete Filson,Both,70-74,74,180-199,195,0.000,0
Mike Brown,Right,70-74,74,180-199,195,0.000,0
Mike Pazik,Left,70-74,74,180-199,195,0.000,0
Bryan Kelly,Right,70-74,74,180-199,195,0.000,0
Jeff Byrd,Right,75-79,75,180-199,195,0.000,0
Jerry Garvin,Left,75-79,75,180-199,195,0.000,0
Jeff Schneider,Both,75-79,75,180-199,195,0.000,0
Jeff Shaver,Right,75-79,75,180-199,195,0.000,0
Bill Fulton,Right,75-79,75,180-199,195,0.000,0
Jim Burton,Right,75-79,75,180-199,195,0.000,0
Gary Lance,Both,75-79,75,180-199,195,0.000,0
Ron Romanick,Right,75-79,76,180-199,195,0.000,0
Chris Batton,Right,75-79,76,180-199,195,0.000,0
Gorman Heimueller,Left,75-79,76,180-199,195,0.000,0
Chris Knapp,Right,75-79,77,180-199,195,0.000,0
Al Lachowicz,Right,75-79,75,180-199,198,0.000,0
Jack Lazorko,Right,70-74,71,200-219,200,0.000,0
Matt Williams,Right,70-74,73,200-219,200,0.000,0
Dan Morogiello,Left,70-74,73,200-219,200,0.000,0
Steve Burke,Both,70-74,74,200-219,200,0.000,0
Steve Cummings,Both,70-74,74,200-219,200,0.000,0
Paul Boris,Right,70-74,74,200-219,200,0.000,0
John Leister,Right,70-74,74,200-219,200,0.000,0
Bob Fallon,Left,75-79,75,200-219,200,0.000,0
Roger Miller,Right,75-79,75,200-219,200,0.000,0
Tom Buskey,Right,75-79,75,200-219,200,0.000,0
Jim Siwy,Right,75-79,76,200-219,200,0.000,0
Steve Barr,Left,75-79,76,200-219,200,0.000,0
Mark Clear,Right,75-79,76,200-219,200,0.000,0
Jaime Cocanower,Right,75-79,76,200-219,200,0.000,0
Larry Monroe,Right,75-79,76,200-219,200,0.000,0
Rick Steirer,Right,75-79,76,200-219,200,0.000,0
Paul Hartzell,Right,75-79,77,200-219,200,0.000,0
Jeff Schattinger,Left,75-79,77,200-219,200,0.000,0
Gary Christenson,Left,75-79,77,200-219,200,0.000,0
Steve Brown,Right,75-79,77,200-219,200,0.000,0
Jim Umbarger,Left,75-79,78,200-219,200,0.000,0
Butch Edge,Right,75-79,75,200-219,203,0.000,0
Mike Walters,Right,75-79,77,200-219,203,0.000,0
Bob Galasso,Left,70-74,73,200-219,205,0.000,0
Steve Senteney,Right,70-74,74,200-219,205,0.000,0
Mike Willis,Left,70-74,74,200-219,205,0.000,0
John Trautwein,Right,75-79,75,200-219,205,0.000,0
Andy Beene,Right,75-79,75,200-219,205,0.000,0
Gary Wheelock,Right,75-79,75,200-219,205,0.000,0
Frank Dimichele,Right,75-79,75,200-219,205,0.000,0
Don Kainer,Right,75-79,75,200-219,205,0.000,0
Larry Pashnick,Right,75-79,75,200-219,205,0.000,0
Brian Denman,Right,75-79,76,200-219,205,0.000,0
Gary Beare,Right,75-79,76,200-219,205,0.000,0
Sherman Corbett,Left,75-79,76,200-219,205,0.000,0
Mike Rochford,Left,75-79,76,200-219,205,0.000,0
Don Welchel,Right,75-79,76,200-219,205,0.000,0
Jeff Rineer,Left,75-79,76,200-219,205,0.000,0
Andy Replogle,Right,75-79,77,200-219,205,0.000,0
Vance Lovelace,Left,75-79,77,200-219,205,0.000,0
Joel Davis,Left,75-79,77,200-219,205,0.000,0
Jim Wright,Right,75-79,77,200-219,205,0.000,0
Clay Christiansen,Right,75-79,77,200-219,205,0.000,0
Cardell Camper,Right,75-79,75,200-219,208,0.000,0
Rick Anderson,Right,70-74,74,200-219,210,0.000,0
Terry Wilshusen,Right,70-74,74,200-219,210,0.000,0
Bud Anderson,Right,75-79,75,200-219,210,0.000,0
Jeff Jones,Right,75-79,75,200-219,210,0.000,0
Mike Loynd,Right,75-79,76,200-219,210,0.000,0
Bill Moran,Right,75-79,76,200-219,210,0.000,0
Bob Kammeyer,Right,75-79,76,200-219,210,0.000,0
Mike Parrott,Right,75-79,76,200-219,210,0.000,0
Al Jones,Right,75-79,76,200-219,210,0.000,0
Barry Cort,Right,75-79,77,200-219,210,0.000,0
Bob Babcock,Right,75-79,77,200-219,210,0.000,0
John Poloni,Left,75-79,77,200-219,210,0.000,0
Jeff Holly,Left,75-79,77,200-219,210,0.000,0
Steve Adkins,Right,75-79,78,200-219,210,0.000,0
Mark Smith,Right,70-74,74,200-219,215,0.000,0
Randy Nosek,Right,75-79,76,200-219,215,0.000,0
Britt Burns,Left,75-79,77,200-219,215,0.000,0
Mike Jones,Left,75-79,78,200-219,215,0.000,0
Sam Hinds,Right,75-79,78,200-219,215,0.000,0
Mike Smithson,Left,80-84,80,200-219,215,0.000,0
Steve Curry,Right,75-79,78,200-219,217,0.000,0
Bruce Tanner,Left,75-79,75,220-239,220,0.000,0
Willie Mueller,Right,75-79,76,220-239,220,0.000,0
Kevin Mmahat,Left,75-79,77,220-239,220,0.000,0
Curt Wardle,Left,75-79,77,220-239,220,0.000,0
Mark Mercer,Left,75-79,77,220-239,220,0.000,0
Steve Ellsworth,Right,80-84,80,220-239,220,0.000,0
Bryan Clutterbuck,Right,75-79,76,220-239,223,0.000,0
Rick Henninger,Right,75-79,78,220-239,225,0.000,0
Bob Ferris,Right,75-79,78,220-239,225,0.000,0
Ben Callahan,Right,75-79,79,220-239,230,0.000,0
Dave Lemanczyk,Right,75-79,76,220-239,235,0.000,0
Dave Frost,Right,75-79,78,220-239,235,0.000,0
Stefan Wever,Right,80-84,80,240-259,245,0.000,0
Dean Chance,Right,75-79,75,200-219,200,0.066,0
Vida Blue,Both,70-74,72,180-199,189,0.104,4
Mickey Lolich,Both,70-74,73,160 - 179,170,0.110,0
Jack Billingham,Right,75-79,76,180-199,195,0.111,0
Bob Veale,Both,75-79,78,200-219,212,0.114,0
Steve Barber,Left,70-74,72,180-199,195,0.115,5
Jerry Koosman,Right,70-74,74,200-219,205,0.119,2
Ray Culp,Right,70-74,72,200-219,200,0.123,1
Burt Hooton,Right,70-74,73,200-219,210,0.123,4
Fred Norman,Both,65-69,68,140 -159,155,0.125,0
Joaquin Andujar,Both,70-74,72,160 - 179,170,0.127,5
Al Downing,Right,70-74,71,160 - 179,175,0.127,2
Denny Lemaster,Right,70-74,73,180-199,182,0.130,4
Gaylord Perry,Right,75-79,76,200-219,205,0.131,6
Mario Soto,Right,70-74,72,160 - 179,174,0.132,1
Randy Jones,Right,70-74,72,160 - 179,178,0.132,0
Dave McNally,Right,70-74,71,180-199,185,0.133,9
Denny McLain,Right,70-74,73,180-199,185,0.133,1
Joe Horlen,Right,70-74,72,160 - 179,170,0.134,0
Jim Lonborg,Right,75-79,77,200-219,200,0.136,3
Larry Dierker,Right,75-79,76,200-219,215,0.136,4
Bob Knepper,Left,75-79,75,180-199,195,0.137,6
Steve Rogers,Right,70-74,74,160 - 179,175,0.138,0
Gary Nolan,Right,70-74,74,180-199,197,0.138,1
Woodie Fryman,Right,75-79,75,180-199,197,0.138,2
Don Sutton,Right,70-74,73,180-199,185,0.144,0
Don Wilson,Right,70-74,74,180-199,195,0.146,1
Ray Burris,Right,75-79,77,200-219,200,0.151,1
Sam McDowell,Left,75-79,77,180-199,190,0.154,2
Tom Seaver,Right,70-74,73,180-199,195,0.154,12
Joe Niekro,Right,70-74,73,180-199,185,0.156,1
Carl Morton,Right,70-74,72,200-219,200,0.156,7
Tommy John,Right,75-79,75,180-199,180,0.157,5
Ron Reed,Right,75-79,78,200-219,215,0.158,0
Fritz Peterson,Both,70-74,72,180-199,185,0.159,2
Mel Stottlemyre,Right,70-74,73,160 - 179,178,0.160,7
John Vukovich,Right,70-74,73,180-199,187,0.161,6
Jim Barr,Right,75-79,75,200-219,205,0.162,1
Ken Holtzman,Right,70-74,74,160 - 179,175,0.163,2
Luis Tiant,Right,70-74,72,180-199,180,0.164,5
Juan Marichal,Right,70-74,72,180-199,185,0.165,4
Fergie Jenkins,Right,75-79,77,200-219,205,0.165,13
Jerry Reuss,Left,75-79,77,200-219,200,0.167,1
J.R. Richard,Right,80-84,80,220-239,222,0.168,10
Phil Niekro,Right,70-74,73,180-199,180,0.169,7
John Denny,Right,75-79,75,180-199,185,0.170,0
Andy Messersmith,Right,70-74,73,200-219,200,0.170,5
Steve Blass,Right,70-74,72,160 - 179,165,0.172,1
Sonny Siebert,Right,75-79,75,180-199,190,0.173,12
Ray Oyler,Right,70-74,71,160 - 179,165,0.175,15
Tommy Dean,Right,70-74,72,160 - 179,165,0.180,4
Dick Ruthven,Right,75-79,75,180-199,190,0.183,1
Bill Plummer,Right,70-74,73,180-199,190,0.188,14
Ron Clark,Right,70-74,70,160 - 179,175,0.189,5
Ray Sadecki,Left,70-74,71,180-199,180,0.191,5
Tony Cloninger,Right,70-74,72,200-219,210,0.192,11
Luis Pujols,Right,70-74,74,160 - 179,175,0.193,6
Mike Ryan,Right,70-74,74,200-219,205,0.193,28
Mike Krukow,Right,75-79,77,200-219,205,0.193,5
Dave Roberts,Left,75-79,75,180-199,195,0.194,7
Rich Morales,Right,70-74,71,160 - 179,170,0.195,6
Dan Briggs,Left,70-74,72,180-199,180,0.195,12
Rick Wise,Right,70-74,73,180-199,180,0.195,15
Jim French,Left,65-69,68,180-199,180,0.196,5
Bob Davis,Right,70-74,72,180-199,180,0.197,6
Orlando Mercado,Right,70-74,72,180-199,180,0.199,7
Frank Fernandez,Right,70-74,72,180-199,185,0.199,39
Doug Camilli,Right,70-74,71,180-199,195,0.199,18
Bob Uecker,Right,70-74,73,180-199,190,0.200,14
Tom Egan,Right,75-79,76,200-219,218,0.200,22
Jim Maloney,Left,70-74,74,180-199,190,0.201,7
Jim Rooker,Right,70-74,72,180-199,195,0.201,7
John Hale,Left,70-74,74,180-199,195,0.201,14
Doug Frobel,Left,75-79,76,180-199,196,0.201,20
Steve Carlton,Left,75-79,76,200-219,210,0.201,13
Jim Mason,Left,70-74,74,180-199,185,0.203,12
Jerry Zimmerman,Right,70-74,74,180-199,185,0.204,3
Don Mason,Left,70-74,71,160 - 179,160,0.205,3
Buddy Biancalana,Both,70-74,71,160 - 179,160,0.205,6
George Smith,Right,70-74,70,160 - 179,170,0.205,9
Tom Nieto,Right,70-74,73,180-199,193,0.205,5
Steve Huntz,Both,70-74,73,200-219,204,0.206,16
Tom Lawless,Right,70-74,71,160 - 179,170,0.207,2
Dick Simpson,Right,75-79,76,160 - 179,176,0.207,15
Jackie Hernandez,Right,70-74,71,160 - 179,165,0.208,12
Bobby Klaus,Right,70-74,70,160 - 179,170,0.208,6
Luis Gomez,Right,65-69,69,140 -159,150,0.210,0
Steve Jeltz,Both,70-74,71,180-199,180,0.210,5
Jack Heidemann,Right,70-74,72,160 - 179,175,0.211,9
Terry Humphrey,Right,75-79,75,180-199,185,0.211,6
Jerry Narron,Left,75-79,75,200-219,205,0.211,21
Rudy Meoli,Left,65-69,69,160 - 179,165,0.212,2
Rusty Torres,Both,70-74,70,160 - 179,175,0.212,35
Angel Salazar,Right,70-74,72,180-199,180,0.212,2
Ned Yost,Right,70-74,73,180-199,190,0.212,16
Dave Nicholson,Right,70-74,74,200-219,215,0.212,61
Dick Tracewski,Right,70-74,71,160 - 179,160,0.213,8
Curt Motton,Right,65-69,68,160 - 179,164,0.213,25
Mick Kelleher,Right,65-69,69,160 - 179,176,0.213,0
Ken Rudolph,Right,70-74,73,180-199,180,0.213,6
Dave Campbell,Right,70-74,73,180-199,180,0.213,20
Alan Knicely,Right,70-74,72,180-199,190,0.213,12
Dave Hilton,Right,70-74,71,180-199,191,0.213,6
Bob Forsch,Right,75-79,76,200-219,200,0.213,12
Luis Alvarado,Right,65-69,69,160 - 179,162,0.214,5
Frank Quilici,Right,70-74,73,160 - 179,170,0.214,5
Dave Duncan,Right,70-74,74,180-199,190,0.214,109
Jim Price,Right,70-74,72,180-199,192,0.214,18
Jeff Torborg,Right,70-74,72,180-199,195,0.214,8
Hal King,Left,70-74,73,200-219,200,0.214,24
Mario Mendoza,Right,70-74,71,160 - 179,170,0.215,4
Jose Arcia,Right,75-79,75,160 - 179,170,0.215,1
Tom Matchick,Left,70-74,73,160 - 179,173,0.215,4
Bobby Wine,Right,70-74,73,180-199,187,0.215,30
Skip Jutze,Right,70-74,71,180-199,190,0.215,3
Phil Roof,Right,70-74,74,180-199,190,0.215,43
Larry Haney,Right,70-74,74,180-199,195,0.215,12
Steve Renko,Right,75-79,77,220-239,230,0.215,6
Fred Stanley,Right,70-74,70,160 - 179,165,0.216,10
Hector Torres,Right,70-74,72,160 - 179,175,0.216,18
John Stephenson,Left,70-74,71,180-199,180,0.216,12
Pat Corrales,Right,70-74,72,180-199,180,0.216,4
Joe Lovitto,Both,70-74,72,180-199,185,0.216,4
Billy Bryan,Left,75-79,76,200-219,200,0.216,41
Howie Goss,Right,75-79,76,200-219,204,0.216,11
Steve Swisher,Right,70-74,74,200-219,205,0.216,20
Dal Maxvill,Right,70-74,71,140 -159,157,0.217,6
Vic Harris,Both,70-74,71,160 - 179,165,0.217,13
Darrel Chaney,Both,70-74,74,180-199,188,0.217,14
Jim Anderson,Right,70-74,72,160 - 179,170,0.218,13
Stan Papi,Right,70-74,72,160 - 179,170,0.218,7
Tucker Ashford,Right,70-74,73,180-199,195,0.218,6
Al Weis,Both,70-74,72,160 - 179,160,0.219,7
Craig Robinson,Right,70-74,70,160 - 179,165,0.219,0
Ted Ford,Right,70-74,70,180-199,180,0.219,17
John Boccabella,Right,70-74,73,180-199,195,0.219,26
Rick Auerbach,Right,70-74,72,160 - 179,165,0.220,9
Mike Fischlin,Right,70-74,73,160 - 179,165,0.220,3
Pedro Garcia,Right,70-74,70,160 - 179,175,0.220,37
Todd Cruz,Right,70-74,72,160 - 179,175,0.220,34
Ellie Hendricks,Left,70-74,73,160 - 179,175,0.220,62
Ed Crosby,Left,70-74,74,160 - 179,175,0.220,0
Danny Ainge,Right,75-79,76,160 - 179,175,0.220,2
Bob Coluccio,Right,70-74,71,180-199,183,0.220,26
Jerry Buchek,Right,70-74,71,180-199,185,0.220,22
Tim Cullen,Right,70-74,73,180-199,185,0.220,9
Jim Nettles,Left,70-74,72,180-199,186,0.220,16
Larry Cox,Right,70-74,70,160 - 179,178,0.221,12
Gary Allenson,Right,70-74,71,180-199,185,0.221,19
Duffy Dyer,Right,70-74,72,180-199,187,0.221,30
Rick Renick,Right,70-74,72,180-199,188,0.221,20
Ken Gerhart,Right,70-74,72,180-199,190,0.221,24
Bob Jones,Left,70-74,74,180-199,195,0.221,20
Johnnie LeMaster,Right,70-74,74,160 - 179,165,0.222,22
Kevin Bell,Right,70-74,72,180-199,195,0.222,13
Jimmie Schaffer,Right,65-69,69,160 - 179,170,0.223,11
Tim Johnson,Left,70-74,73,160 - 179,170,0.223,0
Andres Mora,Right,70-74,72,180-199,180,0.223,27
Sam Bowens,Right,70-74,73,180-199,188,0.223,45
Danny Walton,Right,70-74,72,180-199,195,0.223,28
Nelson Mathews,Right,75-79,76,180-199,195,0.223,22
Joe Lahoud,Left,70-74,73,180-199,198,0.223,65
Marc Hill,Right,75-79,75,200-219,205,0.223,34
Enzo Hernandez,Right,65-69,68,140 -159,155,0.224,2
Ed Brinkman,Right,70-74,72,160 - 179,170,0.224,60
Bob Burda,Left,70-74,71,160 - 179,174,0.224,13
Roger Repoz,Left,75-79,75,180-199,190,0.224,82
Carmen Fanzone,Right,70-74,72,200-219,200,0.224,20
Dick Nen,Left,70-74,74,200-219,200,0.224,21
Jeff Newman,Right,70-74,74,200-219,215,0.224,63
Hector Cruz,Right,70-74,71,160 - 179,170,0.225,39
Bobby Cox,Right,70-74,71,180-199,180,0.225,9
Paul Casanova,Right,75-79,76,180-199,180,0.225,50
Rich McKinney,Right,70-74,71,180-199,185,0.225,20
John Kennedy,Right,70-74,72,180-199,185,0.225,32
Tom Satriano,Left,70-74,73,180-199,185,0.225,21
Buck Martinez,Right,70-74,70,180-199,190,0.225,58
Gorman Thomas,Right,70-74,74,200-219,210,0.225,268
Tim Laudner,Right,75-79,75,200-219,212,0.225,77
Nate Oliver,Right,70-74,70,160 - 179,160,0.226,2
Mike Sadek,Right,65-69,69,160 - 179,165,0.226,5
Buddy Bradford,Right,70-74,71,160 - 179,170,0.226,52
Mike Richardt,Right,70-74,72,160 - 179,170,0.226,4
Bob Barton,Right,70-74,72,160 - 179,175,0.226,9
Jim Gosger,Left,70-74,71,180-199,185,0.226,30
Catfish Hunter,Right,70-74,72,180-199,190,0.226,6
Tommie Reynolds,Right,70-74,74,180-199,190,0.226,12
Pete Mackanin,Right,70-74,74,180-199,190,0.226,30
Larry Lintz,Both,65-69,69,140 -159,150,0.227,0
Bill Voss,Left,70-74,74,160 - 179,160,0.227,19
Ken Suarez,Right,65-69,69,160 - 179,175,0.227,5
Mike Fiore,Left,70-74,72,160 - 179,175,0.227,13
Johnny Lewis,Left,70-74,73,180-199,189,0.227,22
Sal Butera,Right,70-74,72,180-199,190,0.227,8
Jim Traber,Left,70-74,72,180-199,194,0.227,27
Chris Bando,Both,70-74,72,180-199,195,0.227,27
Dick Billings,Right,70-74,73,180-199,195,0.227,16
Brian Giles,Right,70-74,73,160 - 179,165,0.228,10
Tim Blackwell,Both,70-74,71,160 - 179,170,0.228,6
Mark Belanger,Right,70-74,73,160 - 179,170,0.228,20
Joe Nossek,Right,70-74,72,160 - 179,178,0.228,3
Hal Lanier,Right,70-74,74,180-199,180,0.228,8
Steve Yeager,Right,70-74,72,180-199,190,0.228,102
Russ Gibson,Right,70-74,73,180-199,195,0.228,8
Wayne Comer,Right,70-74,70,160 - 179,175,0.229,16
Dick Phillips,Left,70-74,72,180-199,180,0.229,12
Doug Clemens,Left,70-74,72,180-199,180,0.229,12
Gene Michael,Both,70-74,74,180-199,183,0.229,15
Vic Correll,Right,70-74,70,180-199,185,0.229,29
Mike Champion,Right,70-74,72,180-199,185,0.229,2
Duane Walker,Left,70-74,72,180-199,185,0.229,24
Bob Didier,Both,70-74,72,180-199,190,0.229,0
Tommie Aaron,Right,75-79,75,180-199,190,0.229,13
Mike Brumley,Left,70-74,70,180-199,195,0.229,5
Dave McKay,Both,70-74,73,180-199,195,0.229,21
Glenn Borgmann,Right,75-79,76,200-219,210,0.229,16
Dave Hostetler,Right,75-79,76,200-219,215,0.229,37
Don Leppert,Right,70-74,74,220-239,220,0.229,15
Lenn Sakata,Right,65-69,69,160 - 179,160,0.230,25
Winston Llenas,Right,70-74,70,160 - 179,165,0.230,3
Sandy Valdespino,Left,65-69,68,160 - 179,170,0.230,7
Steve Whitaker,Left,70-74,72,180-199,180,0.230,24
Syd O'Brien,Right,70-74,73,180-199,185,0.230,24
Billy Smith,Both,70-74,74,180-199,185,0.230,17
Cap Peterson,Right,70-74,74,180-199,195,0.230,19
Gary Alexander,Right,70-74,74,180-199,195,0.230,55
Barry Foote,Right,75-79,75,200-219,205,0.230,57
John Bateman,Right,75-79,75,200-219,210,0.230,81
Roger Metzger,Both,70-74,72,160 - 179,165,0.231,5
Brad Wellman,Right,70-74,72,160 - 179,170,0.231,6
Ted Kubiak,Both,70-74,72,160 - 179,175,0.231,13
Ken Walters,Right,70-74,73,180-199,180,0.231,11
Jim Beauchamp,Right,70-74,74,180-199,190,0.231,14
Elio Chacon,Right,65-69,69,160 - 179,160,0.232,4
Vern Fuller,Right,70-74,73,160 - 179,170,0.232,14
Larry Stahl,Left,70-74,72,160 - 179,175,0.232,36
Ron Gardenhire,Right,70-74,72,160 - 179,175,0.232,4
Frank Duffy,Right,70-74,73,180-199,180,0.232,26
Buck Rodgers,Both,70-74,74,180-199,190,0.232,31
Bob Tillman,Right,75-79,76,200-219,205,0.232,79
Larry Brown,Right,70-74,70,160 - 179,160,0.233,47
Coco Laboy,Right,70-74,70,160 - 179,165,0.233,28
Ron Woods,Right,70-74,70,160 - 179,168,0.233,26
Steve Lombardozzi,Right,70-74,72,160 - 179,175,0.233,20
Paul Popovich,Both,70-74,72,160 - 179,175,0.233,14
Joe Lis,Right,70-74,72,160 - 179,175,0.233,32
Ron Davis,Right,70-74,72,160 - 179,175,0.233,10
Jake Gibbs,Left,70-74,72,180-199,180,0.233,25
Terry Harmon,Right,70-74,74,180-199,180,0.233,4
Ted Savage,Right,70-74,73,180-199,185,0.233,34
Bob Kearney,Right,70-74,72,180-199,190,0.233,27
Clay Dalrymple,Left,70-74,72,180-199,190,0.233,55
Wayne Gross,Left,70-74,74,200-219,210,0.233,121
Andres Thomas,Right,70-74,73,160 - 179,170,0.234,42
Jerry Dybzinski,Right,70-74,74,180-199,180,0.234,3
Fred Kendall,Right,70-74,73,180-199,185,0.234,31
Rob Picciolo,Right,70-74,74,180-199,185,0.234,17
Bill Sudakis,Both,70-74,73,180-199,190,0.234,59
Jerry May,Right,70-74,74,180-199,190,0.234,15
Len Matuszek,Left,70-74,74,180-199,190,0.234,30
Rick Sweet,Both,70-74,73,200-219,200,0.234,6
Cesar Gutierrez,Right,65-69,69,140 -159,155,0.235,0
Julio Gonzalez,Right,70-74,71,160 - 179,162,0.235,4
Fernando Gonzalez,Right,70-74,70,160 - 179,165,0.235,17
Al Luplow,Left,70-74,70,160 - 179,175,0.235,33
Dalton Jones,Left,70-74,73,180-199,180,0.235,41
Phil Linz,Right,70-74,73,180-199,180,0.235,11
Tim Harkness,Left,70-74,74,180-199,182,0.235,14
Bobby Mitchell,Right,75-79,75,180-199,185,0.235,21
Jim Fairey,Left,70-74,70,180-199,190,0.235,7
Chris Cannizzaro,Right,70-74,72,180-199,190,0.235,18
Andy Etchebarren,Right,70-74,73,180-199,190,0.235,49
Craig Kusick,Right,75-79,75,200-219,210,0.235,46
Bud Harrelson,Both,70-74,71,160 - 179,160,0.236,7
Dave Rosello,Right,70-74,71,160 - 179,160,0.236,10
Rodney Scott,Both,70-74,72,160 - 179,160,0.236,3
Billy Grabarkewitz,Right,70-74,70,160 - 179,165,0.236,28
Randy Hundley,Right,70-74,71,160 - 179,170,0.236,82
Billy Cowan,Right,70-74,72,160 - 179,170,0.236,40
Eddie Leon,Right,70-74,72,160 - 179,170,0.236,24
Bobby Knoop,Right,70-74,73,160 - 179,170,0.236,56
Luis Aguayo,Right,65-69,69,160 - 179,173,0.236,37
Bob Meacham,Both,70-74,73,160 - 179,175,0.236,8
Kurt Bevacqua,Right,70-74,72,180-199,180,0.236,27
Paul Householder,Both,70-74,72,180-199,180,0.236,29
Dale Berra,Right,70-74,72,180-199,180,0.236,49
Don Hahn,Right,70-74,73,180-199,180,0.236,7
Woody Woodward,Right,70-74,74,180-199,180,0.236,1
Byron Browne,Right,70-74,74,180-199,190,0.236,30
Danny Goodwin,Left,70-74,73,180-199,195,0.236,13
George Mitterwald,Right,70-74,74,180-199,195,0.236,76
Ivan Murrell,Right,70-74,74,180-199,195,0.236,33
Doug Ault,Right,75-79,75,200-219,200,0.236,17
Andy Kosco,Right,75-79,75,200-219,205,0.236,73
Dave Kingman,Right,75-79,78,200-219,210,0.236,442
Gil Garrido,Right,65-69,69,140 -159,150,0.237,1
Julio Cruz,Both,65-69,69,160 - 179,165,0.237,23
Rafael Landestoy,Both,70-74,70,160 - 179,165,0.237,4
Jimmy Stewart,Both,70-74,72,160 - 179,165,0.237,8
Dave Edwards,Right,70-74,72,160 - 179,170,0.237,14
Jerry Kenney,Left,70-74,73,160 - 179,170,0.237,7
Jackie Gutierrez,Right,70-74,71,160 - 179,175,0.237,4
Aurelio Rodriguez,Right,70-74,70,180-199,180,0.237,124
Ed Stroud,Left,70-74,71,180-199,180,0.237,14
Jerry McNertney,Right,70-74,72,180-199,180,0.237,27
Harry Spilman,Left,70-74,73,180-199,180,0.237,18
Glenn Burke,Right,70-74,72,180-199,195,0.237,2
Curt Blefary,Left,70-74,74,180-199,195,0.237,112
John Donaldson,Left,70-74,71,160 - 179,160,0.238,4
Doug Flynn,Right,70-74,71,160 - 179,165,0.238,7
Ty Cline,Left,70-74,72,160 - 179,170,0.238,6
Ed Spiezio,Right,70-74,71,180-199,180,0.238,39
Ron Roenicke,Both,70-74,72,180-199,180,0.238,17
Phil Gagliano,Right,70-74,73,180-199,180,0.238,14
Chuck Harrison,Right,70-74,70,180-199,185,0.238,17
Norm Miller,Left,70-74,70,180-199,185,0.238,24
Ed Kirkpatrick,Left,70-74,71,180-199,195,0.238,85
Don Lock,Right,70-74,74,180-199,195,0.238,122
Rick Rhoden,Right,75-79,75,180-199,195,0.238,9
Doc Edwards,Right,70-74,74,200-219,215,0.238,15
Onix Concepcion,Right,65-69,66,160 - 179,160,0.239,3
Chuck Schilling,Right,70-74,70,160 - 179,160,0.239,23
Ron Brand,Right,65-69,67,160 - 179,167,0.239,3
Charley Smith,Right,70-74,73,160 - 179,170,0.239,69
Wayne Garrett,Left,70-74,71,160 - 179,175,0.239,61
Bernie Allen,Left,70-74,72,160 - 179,175,0.239,73
Kiko Garcia,Right,70-74,71,180-199,180,0.239,12
Bobby Clark,Right,70-74,72,180-199,190,0.239,19
Ken Harrelson,Right,70-74,74,180-199,190,0.239,131
Joe Hague,Left,70-74,72,180-199,195,0.239,40
Duke Sims,Left,70-74,74,180-199,197,0.239,100
Bruce Bochy,Right,75-79,75,200-219,205,0.239,26
Ken Phelps,Left,70-74,73,200-219,209,0.239,123
Dave Roberts,Right,75-79,75,200-219,215,0.239,49
Domingo Ramos,Right,70-74,70,140 -159,154,0.240,8
Pepe Frias,Right,70-74,70,140 -159,159,0.240,1
Ted Martinez,Right,70-74,72,160 - 179,165,0.240,7
Chico Ruiz,Both,70-74,72,160 - 179,169,0.240,2
Mike Phillips,Left,70-74,72,160 - 179,170,0.240,11
Mike Ramsey,Both,70-74,73,160 - 179,170,0.240,2
Dick Green,Right,70-74,70,180-199,180,0.240,80
Ron Hodges,Left,70-74,73,180-199,185,0.240,19
Gary Gray,Right,70-74,72,180-199,187,0.240,24
Ed Herrmann,Left,70-74,73,180-199,195,0.240,80
Bill Schroeder,Right,70-74,74,200-219,200,0.240,61
Joe Ferguson,Right,70-74,74,200-219,200,0.240,122
Wayne Tolleson,Both,65-69,69,160 - 179,160,0.241,9
Mike Tyson,Right,65-69,69,160 - 179,170,0.241,27
Mickey Klutts,Right,70-74,71,160 - 179,170,0.241,14
Tom Veryzer,Right,70-74,73,160 - 179,175,0.241,14
Rod Kanehl,Right,70-74,73,180-199,180,0.241,6
Frank Tepedino,Left,70-74,71,180-199,185,0.241,6
Ron Stone,Left,70-74,74,180-199,185,0.241,6
Hank Allen,Right,70-74,72,180-199,190,0.241,6
Gene Tenace,Right,70-74,72,180-199,190,0.241,201
Joe Gaines,Right,70-74,73,180-199,190,0.241,21
Bill Fahey,Left,70-74,72,200-219,200,0.241,7
Dave Skaggs,Right,70-74,74,200-219,200,0.241,3
Bill Nahorodny,Right,70-74,74,200-219,200,0.241,25
Freddie Patek,Right,65-69,65,140 -159,148,0.242,41
Pepe Mangual,Right,70-74,70,140 -159,157,0.242,16
Manny Castillo,Both,65-69,69,160 - 179,160,0.242,3
Don Wert,Right,70-74,70,160 - 179,162,0.242,77
Glenn Hoffman,Right,70-74,73,160 - 179,175,0.242,23
Bruce Benedict,Right,70-74,73,160 - 179,175,0.242,18
Joe Simpson,Left,75-79,75,160 - 179,175,0.242,9
Bob Brower,Right,70-74,71,180-199,185,0.242,17
Willie Norwood,Right,70-74,72,180-199,185,0.242,18
Mike Hegan,Left,70-74,73,180-199,188,0.242,53
Bob Robertson,Right,70-74,73,180-199,195,0.242,115
Ron Swoboda,Right,70-74,74,180-199,195,0.242,73
Johnny Edwards,Left,75-79,76,220-239,220,0.242,81
Rey Quinones,Right,70-74,71,160 - 179,160,0.243,29
Mark Wagner,Right,70-74,72,160 - 179,165,0.243,3
Bobby Mitchell,Left,70-74,70,160 - 179,170,0.243,3
Chuck Hiller,Left,70-74,71,160 - 179,170,0.243,20
Marty Martinez,Both,70-74,72,160 - 179,170,0.243,0
Ozzie Virgil,Right,70-74,73,180-199,180,0.243,98
Steve Dillard,Right,70-74,73,180-199,180,0.243,13
Gary Sutherland,Right,70-74,72,180-199,185,0.243,24
Gary Woods,Right,70-74,74,180-199,185,0.243,13
Nate Colbert,Right,70-74,74,180-199,190,0.243,173
Rick Joseph,Right,70-74,73,180-199,192,0.243,13
Mike Jorgensen,Left,70-74,72,180-199,195,0.243,95
Rick Sofield,Left,70-74,73,180-199,195,0.243,9
Darryl Motley,Right,65-69,69,180-199,196,0.243,44
Hal Breeden,Right,70-74,74,200-219,200,0.243,21
Glenn Hubbard,Right,65-69,69,140 -159,150,0.244,70
Dave Nelson,Right,70-74,70,160 - 179,160,0.244,20
Paul Schaal,Right,70-74,71,160 - 179,165,0.244,57
Pedro Gonzalez,Right,70-74,72,160 - 179,176,0.244,8
Joe Wallis,Both,70-74,71,180-199,180,0.244,16
Johnny Jeter,Right,70-74,73,180-199,180,0.244,18
Ray Webster,Left,70-74,72,180-199,185,0.244,17
Floyd Rayford,Right,70-74,70,180-199,190,0.244,38
Leroy Stanton,Right,70-74,73,180-199,195,0.244,77
Jim Essian,Right,70-74,74,180-199,195,0.244,33
Deron Johnson,Right,70-74,74,200-219,200,0.244,245
Mike Epstein,Left,75-79,75,220-239,230,0.244,130
Sandy Alomar,Both,65-69,69,140 -159,140,0.245,13
Curt Ford,Left,70-74,70,140 -159,150,0.245,7
Bryan Little,Both,70-74,70,160 - 179,160,0.245,3
Doug Griffin,Right,70-74,72,160 - 179,160,0.245,7
Jack Brohamer,Left,70-74,70,160 - 179,165,0.245,30
Roberto Pena,Right,65-69,68,160 - 179,170,0.245,13
Angel Mangual,Right,70-74,70,160 - 179,178,0.245,22
George Wright,Both,70-74,71,180-199,180,0.245,42
Tom Tresh,Both,70-74,73,180-199,180,0.245,153
Ellie Rodriguez,Right,70-74,71,180-199,185,0.245,16
Alan Ashby,Both,70-74,74,180-199,185,0.245,90
Roger Freed,Right,70-74,72,180-199,190,0.245,22
Bobby Brown,Both,70-74,74,180-199,190,0.245,26
Jody Davis,Right,75-79,76,180-199,192,0.245,127
Ted Cox,Right,75-79,75,180-199,195,0.245,10
Marty Perez,Right,70-74,71,160 - 179,160,0.246,22
Tom Brookens,Right,70-74,70,160 - 179,165,0.246,71
Rafael Santana,Right,70-74,73,160 - 179,165,0.246,13
Chris Speier,Right,70-74,73,160 - 179,175,0.246,112
Dave Marshall,Left,70-74,73,180-199,182,0.246,16
Tommy McCraw,Left,70-74,72,180-199,183,0.246,75
Joe Keough,Left,70-74,72,180-199,185,0.246,9
Bruce Miller,Right,70-74,73,180-199,185,0.246,1
Dwayne Murphy,Left,70-74,73,180-199,185,0.246,166
Mike Anderson,Right,70-74,74,200-219,200,0.246,28
Charlie Spikes,Right,75-79,75,200-219,215,0.246,65
Ed Romero,Right,70-74,71,160 - 179,160,0.247,8
Bucky Dent,Right,65-69,69,160 - 179,170,0.247,40
Merritt Ranew,Left,70-74,71,160 - 179,170,0.247,8
Marvell Wynne,Left,70-74,71,160 - 179,175,0.247,40
Garry Hancock,Left,70-74,72,160 - 179,175,0.247,12
Bob Heise,Right,70-74,72,160 - 179,175,0.247,1
Adolfo Phillips,Right,70-74,73,160 - 179,175,0.247,59
Ken Hubbs,Right,70-74,74,160 - 179,175,0.247,14
Dick McAuliffe,Left,70-74,71,160 - 179,176,0.247,197
Mike Lum,Left,70-74,72,180-199,180,0.247,90
Max Alvis,Right,70-74,71,180-199,185,0.247,111
Lou Clinton,Right,70-74,73,180-199,185,0.247,65
Darrell Porter,Left,70-74,72,180-199,193,0.247,188
Mike Diaz,Right,70-74,74,180-199,195,0.247,31
Mike Young,Both,70-74,74,180-199,195,0.247,72
Gary Roenicke,Right,75-79,75,200-219,205,0.247,121
Bob Brenly,Right,70-74,74,200-219,210,0.247,91
Brant Alyea,Right,75-79,75,200-219,215,0.247,38
Earl Williams,Right,75-79,75,200-219,215,0.247,138
Dick Howser,Right,65-69,68,140 -159,155,0.248,16
Ron Theobald,Right,65-69,68,160 - 179,165,0.248,2
Luis Melendez,Right,70-74,72,160 - 179,165,0.248,9
Carl Warwick,Right,70-74,70,160 - 179,170,0.248,31
Ken Boswell,Left,70-74,72,160 - 179,170,0.248,31
Junior Kennedy,Right,70-74,71,160 - 179,175,0.248,4
Tom Hutton,Left,70-74,71,180-199,180,0.248,22
Jim Lyttle,Left,70-74,72,180-199,180,0.248,9
Graig Nettles,Left,70-74,72,180-199,180,0.248,390
Rob Wilfong,Left,70-74,73,180-199,180,0.248,39
Rod Gilbreath,Right,70-74,74,180-199,180,0.248,14
Willie Smith,Left,70-74,72,180-199,182,0.248,46
Danny Thompson,Right,70-74,72,180-199,183,0.248,15
Steve Nicosia,Right,70-74,70,180-199,185,0.248,11
Mickey Stanley,Right,70-74,73,180-199,185,0.248,117
Larry Harlow,Left,70-74,74,180-199,185,0.248,12
Jim Sundberg,Right,70-74,72,180-199,190,0.248,95
Ken McMullen,Right,75-79,75,180-199,190,0.248,156
Butch Hobson,Right,70-74,73,180-199,193,0.248,98
Darrell Evans,Left,70-74,74,200-219,200,0.248,414
Joe Foy,Right,70-74,72,200-219,215,0.248,58
Chico Salmon,Right,70-74,70,160 - 179,160,0.249,31
Derrel Thomas,Both,70-74,72,160 - 179,160,0.249,43
Tony Scott,Both,70-74,72,160 - 179,164,0.249,17
Alex Trevino,Right,70-74,70,160 - 179,165,0.249,23
Jerry Royster,Right,70-74,72,160 - 179,165,0.249,40
Tito Landrum,Right,70-74,71,160 - 179,175,0.249,13
Gary Thomasson,Left,70-74,73,180-199,180,0.249,61
John Milner,Left,70-74,72,180-199,185,0.249,131
Tom Grieve,Right,70-74,74,180-199,190,0.249,65
Don Mincher,Left,75-79,75,200-219,205,0.249,200
John Orsino,Right,75-79,75,200-219,215,0.249,40
Mike Edwards,Right,70-74,70,140 -159,154,0.250,2
Jimmy Wynn,Right,70-74,70,160 - 179,160,0.250,291
Jake Wood,Right,70-74,73,160 - 179,163,0.250,35
Paul Blair,Right,70-74,72,160 - 179,168,0.250,134
Joe Strain,Right,70-74,70,160 - 179,169,0.250,1
Jim Pankovits,Right,70-74,70,160 - 179,170,0.250,9
Ruppert Jones,Left,70-74,70,160 - 179,170,0.250,147
Wilbur Howard,Both,70-74,74,160 - 179,170,0.250,6
Denny Doyle,Left,65-69,69,160 - 179,175,0.250,16
Marv Breeding,Right,70-74,72,160 - 179,175,0.250,7
Bob Stinson,Both,70-74,71,180-199,180,0.250,33
Terry Crowley,Left,70-74,72,180-199,180,0.250,42
Greg Pryor,Right,70-74,72,180-199,180,0.250,14
Rick Bosetti,Right,70-74,71,180-199,185,0.250,17
Denis Menke,Right,70-74,72,180-199,185,0.250,101
Johnny Oates,Left,70-74,71,180-199,188,0.250,14
Jim Spencer,Left,70-74,74,180-199,195,0.250,146
Leron Lee,Left,70-74,72,180-199,196,0.250,31
Dick Bertell,Right,70-74,72,200-219,200,0.250,10
Nick Esasky,Right,75-79,75,200-219,200,0.250,122
Fran Healy,Right,75-79,77,220-239,220,0.250,20
Sonny Jackson,Left,65-69,69,140 -159,150,0.251,7
Andre Robertson,Right,70-74,70,140 -159,155,0.251,5
Albert Hall,Both,70-74,71,140 -159,155,0.251,5
Otto Velez,Right,70-74,72,160 - 179,170,0.251,78
Lenny Faedo,Right,70-74,72,160 - 179,170,0.251,5
Mike de la Hoz,Right,70-74,71,160 - 179,175,0.251,25
U L Washington,Both,70-74,71,160 - 179,175,0.251,27
Rico Petrocelli,Right,70-74,72,160 - 179,175,0.251,210
Tim Foli,Right,70-74,72,160 - 179,179,0.251,25
Jesse Gonder,Left,70-74,70,180-199,180,0.251,26
Jim Lefebvre,Both,70-74,72,180-199,180,0.251,74
Barry Evans,Right,70-74,73,180-199,180,0.251,2
Rob Andrews,Right,70-74,72,180-199,185,0.251,3
Benny Ayala,Right,70-74,73,180-199,185,0.251,38
Dave May,Left,70-74,70,180-199,186,0.251,96
Jack Hiatt,Right,70-74,74,180-199,190,0.251,22
Bobby Darwin,Right,70-74,74,180-199,190,0.251,83
Jerry Martin,Right,70-74,73,180-199,195,0.251,85
Doug Rader,Right,70-74,74,200-219,208,0.251,155
Jerry Moses,Right,75-79,75,200-219,210,0.251,25
Don Kessinger,Both,70-74,73,160 - 179,170,0.252,14
Lynn Jones,Right,65-69,69,160 - 179,175,0.252,7
Mike Hershberger,Right,70-74,70,160 - 179,175,0.252,26
Dave Chalk,Right,70-74,70,160 - 179,175,0.252,15
Mack Jones,Left,70-74,73,180-199,180,0.252,133
Omar Moreno,Left,70-74,74,180-199,180,0.252,37
Tony Armas,Right,70-74,71,180-199,182,0.252,251
Jerry Grote,Right,70-74,70,180-199,185,0.252,39
Joe Azcue,Right,70-74,72,180-199,190,0.252,50
Jim Hickman,Right,75-79,75,180-199,192,0.252,159
Jerry White,Both,70-74,70,160 - 179,164,0.253,21
Jerry Terrell,Right,70-74,71,160 - 179,165,0.253,4
Larvell Blanks,Right,65-69,68,160 - 179,167,0.253,20
Art Shamsky,Left,70-74,73,160 - 179,168,0.253,68
Eddie Milner,Left,70-74,71,160 - 179,173,0.253,42
John Lowenstein,Left,70-74,72,160 - 179,175,0.253,116
Dan Meyer,Left,70-74,71,180-199,180,0.253,86
Roy Foster,Right,70-74,72,180-199,185,0.253,45
Rich Reese,Left,75-79,75,180-199,185,0.253,52
Fred Whitfield,Left,70-74,73,180-199,190,0.253,108
Johnny Briggs,Left,70-74,73,180-199,190,0.253,139
Terry Harper,Right,75-79,76,180-199,195,0.253,36
Bill Melton,Right,70-74,74,200-219,200,0.253,160
Len Gabrielson,Left,75-79,76,200-219,210,0.253,37
John Mayberry,Left,75-79,75,200-219,215,0.253,255
Gene Alley,Right,70-74,70,160 - 179,160,0.254,55
Larry Milbourne,Both,70-74,72,160 - 179,161,0.254,11
Felix Torres,Right,70-74,71,160 - 179,165,0.254,27
Rich Chiles,Left,70-74,71,160 - 179,170,0.254,6
Ivan DeJesus,Right,70-74,71,160 - 179,175,0.254,21
Jimmie Hall,Left,70-74,72,160 - 179,175,0.254,121
Brian Asselstine,Left,70-74,73,160 - 179,175,0.254,12
Bill Almon,Right,75-79,75,180-199,180,0.254,36
Pete Ward,Left,70-74,73,180-199,185,0.254,98
Sal Bando,Right,70-74,72,180-199,195,0.254,242
Bob Boone,Right,70-74,74,180-199,195,0.254,105
Andre Thornton,Right,75-79,75,200-219,200,0.254,253
Frank Taveras,Right,70-74,72,140 -159,155,0.255,2
Bob Dernier,Right,70-74,72,160 - 179,160,0.255,23
Frank White,Right,70-74,71,160 - 179,165,0.255,160
Wallace Johnson,Both,70-74,72,160 - 179,173,0.255,5
Tim Flannery,Left,70-74,71,160 - 179,175,0.255,9
Ken Berry,Right,70-74,72,160 - 179,175,0.255,58
Bill Sharp,Left,70-74,70,160 - 179,178,0.255,9
Bo Diaz,Right,70-74,71,180-199,185,0.255,87
Butch Wynegar,Both,70-74,73,180-199,190,0.255,65
Tommie Agee,Right,70-74,71,180-199,195,0.255,130
Charlie James,Right,70-74,73,180-199,195,0.255,29
Lee Thomas,Left,70-74,74,180-199,195,0.255,106
Mike Shannon,Right,75-79,75,180-199,195,0.255,68
Pat Putnam,Left,70-74,72,200-219,205,0.255,63
Champ Summers,Left,70-74,74,200-219,205,0.255,54
Tony Solaita,Left,70-74,72,200-219,210,0.255,50
Boots Day,Left,65-69,69,160 - 179,160,0.256,8
Juan Bonilla,Right,65-69,69,160 - 179,170,0.256,7
Horace Clarke,Both,65-69,69,160 - 179,170,0.256,27
Craig Reynolds,Left,70-74,73,160 - 179,175,0.256,42
Billy Conigliaro,Right,70-74,72,180-199,180,0.256,40
Tom O'Malley,Left,70-74,72,180-199,180,0.256,13
Ike Brown,Right,70-74,72,180-199,190,0.256,20
Cito Gaston,Right,75-79,75,180-199,190,0.256,91
Bob Oliver,Right,75-79,75,200-219,205,0.256,94
Ray Fosse,Right,70-74,74,200-219,215,0.256,61
Walt Bond,Left,75-79,79,220-239,228,0.256,41
Leo Cardenas,Right,70-74,71,140 -159,150,0.257,118
Mario Guerrero,Right,70-74,70,140 -159,155,0.257,7
Tommy Harper,Right,65-69,69,160 - 179,165,0.257,146
Dave Rader,Left,70-74,71,160 - 179,165,0.257,30
Len Randle,Both,70-74,70,160 - 179,169,0.257,27
Biff Pocoroba,Both,70-74,70,160 - 179,175,0.257,21
Julian Javier,Right,70-74,73,160 - 179,175,0.257,78
Bob Randall,Right,70-74,74,160 - 179,175,0.257,1
Jerry Turner,Left,65-69,69,180-199,180,0.257,45
Rich Dauer,Right,70-74,72,180-199,180,0.257,43
Rick Manning,Left,70-74,73,180-199,180,0.257,56
Bob Bailey,Right,70-74,73,180-199,180,0.257,189
Ken Henderson,Both,70-74,74,180-199,180,0.257,122
Roy Smalley,Both,70-74,73,180-199,185,0.257,163
Tom Haller,Left,75-79,76,180-199,195,0.257,134
Pete LaCock,Left,70-74,74,200-219,200,0.257,27
Gates Brown,Left,70-74,71,220-239,220,0.257,84
Cesar Geronimo,Left,70-74,72,160 - 179,165,0.258,51
Jerry Hairston,Both,70-74,70,160 - 179,170,0.258,30
Joe Lefebvre,Left,70-74,70,160 - 179,170,0.258,31
Lou Johnson,Right,70-74,71,160 - 179,170,0.258,48
Garth Iorg,Right,70-74,71,160 - 179,170,0.258,20
Mike Cubbage,Left,70-74,72,180-199,180,0.258,34
Del Unser,Left,70-74,73,180-199,180,0.258,87
Joe Pepitone,Left,70-74,74,180-199,185,0.258,219
Steve Hovley,Left,70-74,70,180-199,188,0.258,8
Bill Robinson,Right,70-74,74,180-199,189,0.258,166
Duane Josephson,Right,70-74,72,180-199,190,0.258,23
Steve Brye,Right,70-74,72,180-199,190,0.258,30
Bob Montgomery,Right,70-74,73,180-199,195,0.258,23
Mike Andrews,Right,75-79,75,180-199,195,0.258,66
Cliff Johnson,Right,75-79,76,200-219,215,0.258,196
Jerry Morales,Right,70-74,70,140 -159,155,0.259,95
Bert Campaneris,Right,70-74,70,160 - 179,160,0.259,79
Alan Wiggins,Both,70-74,74,160 - 179,160,0.259,5
Rowland Office,Left,70-74,72,160 - 179,170,0.259,32
Hosken Powell,Left,70-74,73,160 - 179,175,0.259,17
Mike Davis,Left,70-74,74,160 - 179,175,0.259,91
Mickey Brantley,Right,70-74,70,180-199,180,0.259,32
Lee Mazzilli,Both,70-74,73,180-199,180,0.259,93
Tony Muser,Left,70-74,74,180-199,180,0.259,7
Ed Ott,Left,70-74,70,180-199,190,0.259,33
Doug DeCinces,Right,70-74,74,180-199,190,0.259,237
Clint Hurdle,Left,75-79,75,180-199,195,0.259,32
Ron Jackson,Right,70-74,72,200-219,200,0.259,56
Al Ferrara,Right,70-74,73,200-219,200,0.259,51
Mark Brouhard,Right,70-74,73,200-219,210,0.259,25
Larry Bowa,Both,70-74,70,140 -159,155,0.260,15
Brock Davis,Left,70-74,70,160 - 179,160,0.260,1
Jim Dwyer,Left,70-74,70,160 - 179,165,0.260,77
Phil Garner,Right,70-74,70,160 - 179,175,0.260,109
Jim Morrison,Right,70-74,71,160 - 179,175,0.260,112
Jim Wohlford,Right,70-74,71,160 - 179,175,0.260,21
Ken Reitz,Right,70-74,72,180-199,180,0.260,68
Julio Gotay,Right,70-74,72,180-199,180,0.260,6
Ed Goodson,Left,75-79,75,180-199,180,0.260,30
Mike Squires,Left,70-74,71,180-199,185,0.260,6
John Stearns,Right,70-74,72,180-199,185,0.260,46
Bobby Valentine,Right,70-74,70,180-199,189,0.260,12
Don Baylor,Right,70-74,73,180-199,190,0.260,338
Art Howe,Right,70-74,74,180-199,190,0.260,43
Greg Walker,Left,75-79,75,200-219,205,0.260,113
Ron Washington,Right,70-74,71,140 -159,155,0.261,20
Jose Tartabull,Left,70-74,71,160 - 179,165,0.261,2
Davey Johnson,Right,70-74,73,160 - 179,170,0.261,136
Don Money,Right,70-74,73,160 - 179,170,0.261,176
Elliott Maddox,Right,70-74,71,180-199,180,0.261,18
Charlie Moore,Right,70-74,71,180-199,180,0.261,36
Ron Cey,Right,70-74,70,180-199,185,0.261,316
Billy North,Both,70-74,71,180-199,185,0.261,20
Roy Howell,Left,70-74,73,180-199,190,0.261,80
Dick Dietz,Right,70-74,73,180-199,195,0.261,66
Bob Chance,Left,70-74,74,180-199,196,0.261,24
Jeff Burroughs,Right,70-74,73,200-219,200,0.261,240
Jason Thompson,Left,75-79,76,200-219,200,0.261,208
Ed Kranepool,Left,75-79,75,200-219,205,0.261,118
Rick Reichardt,Right,75-79,75,200-219,210,0.261,116
Ted Sizemore,Right,70-74,70,160 - 179,165,0.262,23
Willie Upshaw,Left,70-74,72,180-199,185,0.262,123
John Wockenfuss,Right,70-74,72,180-199,190,0.262,86
Reggie Jackson,Left,70-74,72,180-199,195,0.262,563
Scot Thompson,Left,75-79,75,180-199,195,0.262,5
Bill Freehan,Right,75-79,75,200-219,203,0.262,200
John Wathan,Right,70-74,74,200-219,205,0.262,21
Dave Engle,Right,75-79,75,200-219,210,0.262,31
John Ellis,Right,70-74,74,220-239,225,0.262,69
Manny Trillo,Right,70-74,73,140 -159,150,0.263,61
Cookie Rojas,Right,70-74,70,160 - 179,160,0.263,54
Davey Lopes,Right,65-69,69,160 - 179,170,0.263,155
Ed Charles,Right,70-74,70,160 - 179,170,0.263,86
Joe Nolan,Left,70-74,71,160 - 179,175,0.263,27
Bill Russell,Right,70-74,72,160 - 179,175,0.263,46
Al Gallagher,Right,70-74,72,180-199,180,0.263,11
Richie Scheinblum,Both,70-74,73,180-199,180,0.263,13
Bruce Boisclair,Left,70-74,74,180-199,185,0.263,10
Milt May,Left,70-74,72,180-199,190,0.263,77
Ted Uhlaender,Left,70-74,74,180-199,190,0.263,36
Larry Parrish,Right,75-79,75,180-199,190,0.263,256
Don Buford,Both,65-69,67,160 - 179,160,0.264,93
Bob Bailor,Right,70-74,71,160 - 179,170,0.264,9
Bernie Carbo,Left,70-74,71,160 - 179,173,0.264,96
Jim Norris,Left,70-74,70,160 - 179,175,0.264,7
Toby Harrah,Right,70-74,72,160 - 179,175,0.264,195
Phil Mankowski,Left,70-74,72,180-199,180,0.264,8
Chuck Hinton,Right,70-74,73,180-199,180,0.264,113
Junior Moore,Right,70-74,71,180-199,185,0.264,7
Ken Retzer,Left,70-74,72,180-199,185,0.264,14
Pat Kelly,Left,70-74,73,180-199,185,0.264,76
Tony Conigliaro,Right,75-79,75,180-199,185,0.264,166
Eric Soderholm,Right,70-74,71,180-199,187,0.264,102
Bob Molinaro,Left,70-74,72,180-199,190,0.264,14
Rick Monday,Left,75-79,75,180-199,193,0.264,241
Joe Rudi,Right,70-74,74,200-219,200,0.264,179
Oscar Gamble,Left,70-74,71,160 - 179,160,0.265,200
Miguel Dilone,Both,70-74,72,160 - 179,160,0.265,6
Rich Coggins,Left,65-69,68,160 - 179,170,0.265,12
Bobby Tolan,Left,70-74,71,160 - 179,170,0.265,86
Ollie Brown,Right,70-74,74,160 - 179,178,0.265,102
Joel Youngblood,Right,70-74,72,180-199,180,0.265,80
Jim Holt,Left,70-74,72,180-199,180,0.265,19
Ron Oester,Both,70-74,74,180-199,185,0.265,42
Daryl Sconiers,Left,70-74,74,180-199,185,0.265,15
Bombo Rivera,Right,70-74,70,180-199,187,0.265,10
Jim Fregosi,Right,70-74,73,180-199,190,0.265,151
Dick Davis,Right,75-79,75,180-199,190,0.265,27
Mike Brown,Right,70-74,74,180-199,195,0.265,23
Dave Revering,Left,75-79,76,200-219,210,0.265,62
Reid Nichols,Right,70-74,71,160 - 179,165,0.266,22
Bump Wills,Both,65-69,69,160 - 179,172,0.266,36
Wayne Krenchicki,Left,70-74,73,180-199,180,0.266,15
Bobby Grich,Right,70-74,74,180-199,180,0.266,224
Gail Hopkins,Left,70-74,70,180-199,198,0.266,25
Jeffrey Leonard,Right,70-74,74,200-219,200,0.266,144
Carl Taylor,Right,70-74,74,200-219,200,0.266,10
Mitchell Page,Left,70-74,74,200-219,205,0.266,72
Joe Charboneau,Right,70-74,74,200-219,205,0.266,29
Boog Powell,Left,75-79,76,220-239,230,0.266,339
Dave Concepcion,Right,70-74,74,140 -159,155,0.267,101
Barbaro Garbey,Right,70-74,70,160 - 179,170,0.267,11
Bill Stein,Right,70-74,70,160 - 179,170,0.267,44
Bubba Morton,Right,70-74,70,160 - 179,175,0.267,14
Jay Johnstone,Left,70-74,73,160 - 179,175,0.267,102
Wes Parker,Both,70-74,73,180-199,180,0.267,64
Dan Driessen,Left,70-74,71,180-199,187,0.267,153
R.J. Reynolds,Both,70-74,72,180-199,190,0.267,35
Jim Northrup,Left,75-79,75,180-199,190,0.267,153
Mike Schmidt,Right,70-74,74,180-199,195,0.267,548
Lee May,Right,75-79,75,180-199,195,0.267,354
Johnny Bench,Right,70-74,73,180-199,197,0.267,389
Leon Roberts,Right,75-79,75,200-219,200,0.267,78
Ken Landreaux,Left,70-74,70,160 - 179,165,0.268,91
David Green,Right,75-79,75,160 - 179,170,0.268,31
Tom Poquette,Left,70-74,70,160 - 179,175,0.268,10
Tito Fuentes,Both,70-74,71,160 - 179,175,0.268,45
Rick Leach,Left,70-74,73,180-199,180,0.268,18
Bobby Bonds,Right,70-74,73,180-199,190,0.268,332
Willie Crawford,Left,70-74,73,180-199,197,0.268,86
George Vukovich,Left,70-74,72,180-199,198,0.268,27
George Scott,Right,70-74,74,200-219,200,0.268,271
Tony Horton,Right,75-79,75,200-219,210,0.268,76
Tommy Helms,Right,70-74,70,160 - 179,165,0.269,34
Rick Miller,Left,70-74,72,160 - 179,175,0.269,28
Rich Rollins,Right,70-74,70,180-199,185,0.269,77
Chris Brown,Right,70-74,72,180-199,185,0.269,38
Ron Pruitt,Right,70-74,72,180-199,185,0.269,12
Mike Ivie,Right,75-79,75,200-219,205,0.269,81
Jack Perconte,Left,70-74,70,160 - 179,160,0.270,2
Walt Williams,Right,65-69,66,160 - 179,165,0.270,33
Alan Bannister,Right,70-74,71,160 - 179,170,0.270,19
Rufino Linares,Right,70-74,72,160 - 179,170,0.270,11
Tim Corcoran,Left,70-74,71,160 - 179,175,0.270,12
Dan Ford,Right,70-74,73,180-199,185,0.270,121
Paul Dade,Right,70-74,73,180-199,185,0.270,10
Al Cowens,Right,70-74,73,180-199,197,0.270,108
Joe Morgan,Left,65-69,67,160 - 179,160,0.271,268
Roy White,Both,70-74,70,160 - 179,160,0.271,160
Sixto Lezcano,Right,70-74,70,160 - 179,165,0.271,148
Rudy Law,Left,70-74,73,160 - 179,165,0.271,18
Duane Kuiper,Left,70-74,72,160 - 179,175,0.271,1
Dave Stapleton,Right,70-74,73,160 - 179,178,0.271,41
Steve Braun,Left,70-74,70,180-199,180,0.271,52
Broderick Perkins,Left,70-74,70,180-199,180,0.271,8
Ray Knight,Right,70-74,73,180-199,185,0.271,84
Merv Rettenmund,Right,70-74,70,180-199,190,0.271,66
Al Woods,Left,75-79,75,180-199,190,0.271,35
Willie Aikens,Left,75-79,75,220-239,220,0.271,110
Bill Sample,Right,65-69,69,160 - 179,175,0.272,46
Bob Johnson,Right,70-74,70,160 - 179,175,0.272,44
Dave Collins,Both,70-74,71,160 - 179,175,0.272,32
Thad Bosley,Left,75-79,75,160 - 179,175,0.272,20
Manny Jimenez,Left,70-74,73,180-199,185,0.272,26
Barry Bonnell,Right,75-79,75,180-199,190,0.272,56
Ben Oglivie,Left,70-74,74,160 - 179,160,0.273,235
Rick Burleson,Right,70-74,70,160 - 179,165,0.273,50
Von Joshua,Left,70-74,70,160 - 179,170,0.273,30
Ron Hunt,Right,70-74,72,180-199,186,0.273,39
Chet Lemon,Right,70-74,72,180-199,190,0.273,215
Larry Hisle,Right,70-74,74,180-199,193,0.273,166
Larry Biittner,Left,70-74,74,200-219,205,0.273,29
Willie Horton,Right,70-74,71,200-219,209,0.273,325
Juan Beniquez,Right,70-74,71,140 -159,150,0.274,79
Rennie Stennett,Right,70-74,71,160 - 179,160,0.274,41
Gene Locklear,Left,70-74,70,160 - 179,165,0.274,9
George Foster,Right,70-74,73,180-199,180,0.274,348
Darrell Brown,Both,70-74,72,180-199,184,0.274,1
Steve Ontiveros,Both,70-74,72,180-199,185,0.274,24
Terry Francona,Left,70-74,73,180-199,190,0.274,16
Larry Herndon,Right,75-79,75,180-199,190,0.274,107
Carlos May,Left,70-74,71,200-219,200,0.274,90
Donn Clendenon,Right,75-79,76,200-219,209,0.274,159
Jose Cardenal,Right,70-74,70,140 -159,150,0.275,138
Jerry Remy,Left,65-69,69,160 - 179,165,0.275,7
Willie Montanez,Left,70-74,72,160 - 179,170,0.275,139
Danny Cater,Right,70-74,72,160 - 179,170,0.276,66
Dane Iorg,Left,70-74,72,180-199,180,0.276,14
Richie Hebner,Left,70-74,73,180-199,195,0.276,203
Gary Ward,Right,70-74,74,180-199,195,0.276,130
Greg Luzinski,Right,70-74,73,220-239,220,0.276,307
Bobby Murcer,Left,70-74,71,160 - 179,160,0.277,252
Amos Otis,Right,70-74,71,160 - 179,165,0.277,193
Gene Clines,Right,65-69,69,160 - 179,170,0.277,5
Rick Peters,Both,65-69,69,160 - 179,170,0.277,2
Enos Cabell,Right,75-79,76,160 - 179,170,0.277,60
Jeff Stone,Left,70-74,72,160 - 179,175,0.277,11
Leon Durham,Left,70-74,73,180-199,185,0.277,147
Ron Santo,Right,70-74,72,180-199,190,0.277,342
Bob Horner,Right,70-74,73,180-199,195,0.277,218
Cesar Tovar,Right,65-69,69,140 -159,155,0.278,46
Jorge Orta,Left,70-74,70,160 - 179,170,0.278,130
John Castino,Right,70-74,71,160 - 179,175,0.278,41
Johnny Grubb,Left,75-79,75,160 - 179,175,0.278,99
Dusty Baker,Right,70-74,74,180-199,183,0.278,242
Jim Ray Hart,Right,70-74,71,180-199,185,0.278,170
Claudell Washington,Left,70-74,72,180-199,190,0.278,164
Steve Kemp,Left,70-74,72,180-199,195,0.278,130
George Hendrick,Right,75-79,75,180-199,195,0.278,267
Ellis Valentine,Right,75-79,76,200-219,205,0.278,123
Vic Davalillo,Left,65-69,67,140 -159,150,0.279,36
Felix Millan,Right,70-74,71,160 - 179,172,0.279,22
Tony Perez,Right,70-74,74,160 - 179,175,0.279,379
Mike Vail,Right,70-74,73,180-199,180,0.279,34
Buddy Bell,Right,70-74,73,180-199,180,0.279,201
Willie Davis,Left,70-74,74,180-199,180,0.279,182
Keith Moreland,Right,70-74,72,180-199,190,0.279,121
Rusty Staub,Left,70-74,74,180-199,190,0.279,292
Chris Chambliss,Left,70-74,73,180-199,195,0.279,185
Glenn Adams,Left,70-74,73,180-199,180,0.280,34
Jesus Alou,Right,70-74,74,180-199,190,0.280,32
Steve Henderson,Right,70-74,74,180-199,190,0.280,68
Mickey Hatcher,Right,70-74,74,200-219,200,0.280,38
Al Bumbry,Left,65-69,68,160 - 179,170,0.281,54
Cleon Jones,Right,70-74,72,180-199,185,0.281,93
Gary Matthews,Right,70-74,74,180-199,185,0.281,234
Terry Whitfield,Left,70-74,73,180-199,197,0.281,33
Willie Stargell,Left,70-74,74,180-199,188,0.282,475
Bruce Bochte,Left,75-79,75,180-199,195,0.282,100
Wayne Nordhagen,Right,70-74,74,200-219,205,0.282,39
Ken Singleton,Both,75-79,76,200-219,210,0.282,246
Tom Paciorek,Right,75-79,76,200-219,215,0.282,86
Damaso Garcia,Right,70-74,73,160 - 179,165,0.283,36
Dave Cash,Right,70-74,71,160 - 179,170,0.283,21
Floyd Robinson,Left,65-69,69,160 - 179,175,0.283,67
Fred Lynn,Left,70-74,73,180-199,185,0.283,306
Glenn Beckert,Right,70-74,73,180-199,190,0.283,22
Jose Cruz,Left,70-74,72,160 - 179,170,0.284,165
Carl Yastrzemski,Left,70-74,71,160 - 179,175,0.285,452
Cesar Cedeno,Right,70-74,74,160 - 179,175,0.285,199
Garry Maddox,Right,75-79,75,160 - 179,175,0.285,117
Ted Simmons,Both,70-74,71,180-199,193,0.285,248
Tony Gonzalez,Left,65-69,69,160 - 179,170,0.286,103
Lee Lacy,Right,70-74,73,160 - 179,175,0.286,91
Phil Bradley,Right,70-74,72,180-199,185,0.286,78
Greg Gross,Left,70-74,70,160 - 179,160,0.287,7
Reggie Smith,Both,70-74,72,180-199,180,0.287,314
Jose Morales,Right,70-74,71,180-199,187,0.287,26
Richie Zisk,Right,70-74,73,200-219,200,0.287,207
Lamar Johnson,Right,70-74,74,200-219,215,0.287,64
Ron LeFlore,Right,70-74,72,200-219,200,0.288,59
Alex Johnson,Right,70-74,72,200-219,205,0.288,78
Bill Buckner,Left,70-74,72,180-199,185,0.289,174
Jerry Mumphrey,Both,70-74,74,180-199,185,0.289,70
Johnny Ray,Both,70-74,71,160 - 179,170,0.290,53
Gene Richards,Left,70-74,72,160 - 179,175,0.290,26
Hal McRae,Right,70-74,71,180-199,180,0.290,191
Mike Hargrove,Left,70-74,72,180-199,195,0.290,80
Lou Piniella,Right,70-74,72,180-199,182,0.291,102
Dick Allen,Right,70-74,71,180-199,187,0.292,351
Thurman Munson,Right,70-74,71,180-199,190,0.292,113
Lou Brock,Left,70-74,71,160 - 179,170,0.293,149
Mike Easler,Left,70-74,72,180-199,190,0.293,118
Ron Blomberg,Left,70-74,73,180-199,195,0.293,52
Steve Garvey,Right,70-74,70,180-199,192,0.294,272
Mickey Rivers,Left,70-74,70,160 - 179,165,0.295,61
Bob Watson,Right,70-74,72,200-219,201,0.295,184
Keith Hernandez,Left,70-74,72,180-199,180,0.296,162
Manny Sanguillen,Right,70-74,72,180-199,193,0.296,65
Joe Torre,Right,70-74,74,200-219,212,0.297,252
Cecil Cooper,Left,70-74,74,160 - 179,165,0.298,241
Jim Rice,Right,70-74,74,200-219,200,0.298,382
Bake McBride,Left,70-74,74,180-199,190,0.299,63
Rico Carty,Right,75-79,75,200-219,200,0.299,204
Pete Rose,Both,70-74,71,180-199,192,0.303,160
Al Oliver,Left,70-74,72,180-199,195,0.303,219
Manny Mota,Right,70-74,70,160 - 179,160,0.304,31
Tony Oliva,Left,70-74,73,160 - 179,175,0.304,220
Bill Madlock,Right,70-74,71,180-199,180,0.305,163
Ralph Garr,Left,70-74,71,180-199,185,0.306,75
Matty Alou,Left,65-69,69,160 - 179,160,0.307,31
Lyman Bostock,Left,70-74,73,180-199,180,0.311,23
Rod Carew,Left,70-74,72,160 - 179,170,0.328,92
